{"succeed": true, "graph": [{"node_id": 0, "layer_id": 0, "branch_id": 0, "branch_root": 0, "real_record": true, "open": true, "mortality": 0.22629969418960244, "prev_node": "no_prev", "prev_action": "no_prev", "record": [[1.0, 0.0, 0.0, 0.0, 54.0, 62.5, 15.0, 101.27272727272728, 134.875, 91.16666666666669, 65.6875, 18.384615384615387, 37.16666666666668, 0.35999999999999993, 4.6, 144.0, 99.0, 120.0, 2.5, 9.4, 11.3, 13.7, 15.0, 71.8, 12.6, 7.43, 127.0, 38.0, 0.0, 36.0, 1.9, 11.0, 2.0, 0.7508635942370881, 352.77777777777777, 0.0, 96.64285714285714, 87.0, 1.7, 30.0, 28.0, 5.011825785982117, 1.0, 0.0, 0.0, 0.0, 0.0]], "actions": [{"action": 0, "possibility": 0, "real_action": true, "open": true, "next_nodes": []}, {"action": 10, "possibility": 91.43567781653029, "open": true, "next_nodes": []}, {"action": 21, "possibility": 91.25944081771041, "open": false, "next_nodes": []}, {"action": 20, "possibility": 91.20260286581677, "open": false, "next_nodes": []}]}]}